item_id;onderdeel;n;p_waarde
Ank23d_Bg_1F_15;LEZEN;3000;0,7797
Ank23d_Bg_1F_16;LEZEN;3000;0,8247
Ank23d_Ip_1F_14;LEZEN;3000;0,872
Ank23d_Ip_1F_18;LEZEN;3000;0,8413
Ank23d_Ip_1F_19;LEZEN;3000;0,8477
Ank23d_Ip_1F_20;LEZEN;3000;0,99
Ank23d_Op_2F_02;LEZEN;3000;0,855
Ank23d_Op_2F_21;LEZEN;3000;0,678
Ank23d_Tw_1F_13;LEZEN;3000;0,9333
Ank23dp_Op_1F_01;LEZEN;3000;0,9313
Ank23dp_Sv_2F_03;LEZEN;3000;0,8323
Ank23dp_Sv_2F_04;LEZEN;3000;0,8263
Ank23dp_Sv_2F_05;LEZEN;3000;0,6223
Ank23dp_Sv_2F_06;LEZEN;3000;0,5877
Ank23dp_Sv_2F_07;LEZEN;3000;0,7933
Ank23p_Bg_1F_21;LEZEN;3000;0,8587
Ank23p_Ip_1F_15;LEZEN;3000;0,7187
Ank23p_Ip_1F_18;LEZEN;3000;0,6513
Ank23p_Ip_1F_19;LEZEN;3000;0,6813
Ank23p_Ip_1F_20;LEZEN;3000;0,8887
Ank24dp_Ip_1F_01;LEZEN;3000;0,8117
Ank24dp_Op_1F_04;LEZEN;3000;0,7133
DUMMY2_LEZEN_1;LEZEN;3000;0,114
DUMMY2_LEZEN_10;LEZEN;3000;0,7243
DUMMY2_LEZEN_11;LEZEN;3000;0,629
DUMMY2_LEZEN_12;LEZEN;3000;0,4223
DUMMY2_LEZEN_13;LEZEN;3000;0,2503
DUMMY2_LEZEN_14;LEZEN;3000;0,0503
DUMMY2_LEZEN_15;LEZEN;3000;0,4533
DUMMY2_LEZEN_16;LEZEN;3000;0,0077
DUMMY2_LEZEN_17;LEZEN;3000;0,1997
DUMMY2_LEZEN_18;LEZEN;3000;0,489
DUMMY2_LEZEN_19;LEZEN;3000;0,4957
DUMMY2_LEZEN_2;LEZEN;3000;0,374
DUMMY2_LEZEN_20;LEZEN;3000;0,003
DUMMY2_LEZEN_21;LEZEN;3000;0,5807
DUMMY2_LEZEN_22;LEZEN;3000;0,9673
DUMMY2_LEZEN_23;LEZEN;3000;0,3423
DUMMY2_LEZEN_24;LEZEN;3000;0,665
DUMMY2_LEZEN_25;LEZEN;3000;0,937
DUMMY2_LEZEN_26;LEZEN;3000;0,7597
DUMMY2_LEZEN_27;LEZEN;3000;0,461
DUMMY2_LEZEN_28;LEZEN;3000;0,2337
DUMMY2_LEZEN_3;LEZEN;3000;0,2223
DUMMY2_LEZEN_4;LEZEN;3000;0,0337
DUMMY2_LEZEN_5;LEZEN;3000;0,8113
DUMMY2_LEZEN_6;LEZEN;3000;0,184
DUMMY2_LEZEN_7;LEZEN;3000;3e-04
DUMMY2_LEZEN_8;LEZEN;3000;0,4373
DUMMY2_LEZEN_9;LEZEN;3000;0,6747
Ank23d_IP_1F_02;TAAL;3000;0,9347
Ank23d_SN_1F_09;TAAL;3000;0,752
Ank23d_SW_1F_06;TAAL;3000;0,8443
Ank23d_SW_2F_05;TAAL;3000;0,6507
Ank23d_SW_2F_07;TAAL;3000;0,831
Ank23d_SW_2F_08;TAAL;3000;0,8547
Ank23dp_SN_1F_10;TAAL;3000;0,7587
Ank23dp_SN_1F_12;TAAL;3000;0,4377
Ank23dp_SN_2F_11;TAAL;3000;0,5427
Ank23p_IP_1F_02;TAAL;3000;0,9803
Ank23p_SN_2F_8;TAAL;3000;0,897
Ank23p_SN_2F_9;TAAL;3000;0,7097
Ank23p_SW_1F_05;TAAL;3000;0,6857
Ank23p_SW_1F_06;TAAL;3000;0,86
Ank23p_SW_2F_07;TAAL;3000;0,6273
Ank23pd_IP_1F_01;TAAL;3000;0,797
Ank23pd_IP_1F_03;TAAL;3000;0,7573
Ank23pd_IP_2F_04;TAAL;3000;0,5147
Ank24dp_SN_2F_01;TAAL;3000;0,594
Ank24dp_SN_2F_02;TAAL;3000;0,6687
DUMMY2_TAAL_1;TAAL;3000;0,733
DUMMY2_TAAL_10;TAAL;3000;0,841
DUMMY2_TAAL_11;TAAL;3000;0,5177
DUMMY2_TAAL_12;TAAL;3000;0,2
DUMMY2_TAAL_13;TAAL;3000;0,1967
DUMMY2_TAAL_14;TAAL;3000;0,1057
DUMMY2_TAAL_15;TAAL;3000;0,39
DUMMY2_TAAL_16;TAAL;3000;0,6343
DUMMY2_TAAL_17;TAAL;3000;0,623
DUMMY2_TAAL_18;TAAL;3000;0,251
DUMMY2_TAAL_19;TAAL;3000;0,4743
DUMMY2_TAAL_2;TAAL;3000;0,6763
DUMMY2_TAAL_20;TAAL;3000;0,1097
DUMMY2_TAAL_21;TAAL;3000;0,9507
DUMMY2_TAAL_22;TAAL;3000;0,8617
DUMMY2_TAAL_23;TAAL;3000;0,393
DUMMY2_TAAL_24;TAAL;3000;0,5287
DUMMY2_TAAL_25;TAAL;3000;0,6647
DUMMY2_TAAL_26;TAAL;3000;0,23
DUMMY2_TAAL_27;TAAL;3000;0,569
DUMMY2_TAAL_28;TAAL;3000;0,4497
DUMMY2_TAAL_29;TAAL;3000;0,8433
DUMMY2_TAAL_3;TAAL;3000;0,281
DUMMY2_TAAL_30;TAAL;3000;0,2677
DUMMY2_TAAL_4;TAAL;3000;0,945
DUMMY2_TAAL_5;TAAL;3000;0,3747
DUMMY2_TAAL_6;TAAL;3000;0,97
DUMMY2_TAAL_7;TAAL;3000;0,647
DUMMY2_TAAL_8;TAAL;3000;0,471
DUMMY2_TAAL_9;TAAL;3000;0,2357
Ank23d_C_GT_1F_02;REKENEN;3000;0,7213
Ank23d_C_GT_1F_03;REKENEN;3000;0,79
Ank23d_C_VB_1F_12;REKENEN;3000;0,779
Ank23d_K_GT_1S_04;REKENEN;3000;0,7223
Ank23d_K_VH_1S_06;REKENEN;3000;0,805
Ank23dp_C_MM_1F_09;REKENEN;3000;0,6023
Ank23dp_C_MM_1S_10;REKENEN;3000;0,4827
Ank23dp_C_VB_1S_11;REKENEN;3000;0,875
Ank23p_C_GT_1F_14;REKENEN;3000;0,483
Ank23p_C_GT_1S_15;REKENEN;3000;0,7837
Ank23p_C_VB_1F_18;REKENEN;3000;0,8873
Ank23p_C_VH_1S_17;REKENEN;3000;0,5977
Ank23p_K_GT_1F_13;REKENEN;3000;0,9143
Ank23p_K_VH_1F_16;REKENEN;3000;0,7667
Ank23pd_C_VH_1F_07;REKENEN;3000;0,9133
Ank23pd_K_GT_1S_01;REKENEN;3000;0,8253
Ank23pd_K_VH_1S_05;REKENEN;3000;0,7413
Ank24dp_K_GT_1S_01;REKENEN;3000;0,6453
Ank24dp_K_VB_1S_02;REKENEN;3000;0,7177
DUMMY2_REKENEN_1;REKENEN;3000;0,5777
DUMMY2_REKENEN_10;REKENEN;3000;0,376
DUMMY2_REKENEN_11;REKENEN;3000;0,5287
DUMMY2_REKENEN_12;REKENEN;3000;0,894
DUMMY2_REKENEN_13;REKENEN;3000;0,586
DUMMY2_REKENEN_14;REKENEN;3000;0,352
DUMMY2_REKENEN_15;REKENEN;3000;0,7813
DUMMY2_REKENEN_16;REKENEN;3000;0,0503
DUMMY2_REKENEN_17;REKENEN;3000;0,9217
DUMMY2_REKENEN_18;REKENEN;3000;0,6177
DUMMY2_REKENEN_19;REKENEN;3000;0,4373
DUMMY2_REKENEN_2;REKENEN;3000;0,5113
DUMMY2_REKENEN_20;REKENEN;3000;0,5613
DUMMY2_REKENEN_21;REKENEN;3000;0,3953
DUMMY2_REKENEN_22;REKENEN;3000;0,503
DUMMY2_REKENEN_23;REKENEN;3000;0,312
DUMMY2_REKENEN_24;REKENEN;3000;0,7253
DUMMY2_REKENEN_25;REKENEN;3000;0,683
DUMMY2_REKENEN_26;REKENEN;3000;0,1443
DUMMY2_REKENEN_27;REKENEN;3000;0,303
DUMMY2_REKENEN_28;REKENEN;3000;0,1977
DUMMY2_REKENEN_29;REKENEN;3000;0,6743
DUMMY2_REKENEN_3;REKENEN;3000;0,704
DUMMY2_REKENEN_30;REKENEN;3000;0,9723
DUMMY2_REKENEN_31;REKENEN;3000;0,502
DUMMY2_REKENEN_4;REKENEN;3000;0,2813
DUMMY2_REKENEN_5;REKENEN;3000;0,1503
DUMMY2_REKENEN_6;REKENEN;3000;0,6873
DUMMY2_REKENEN_7;REKENEN;3000;0,494
DUMMY2_REKENEN_8;REKENEN;3000;0,0957
DUMMY2_REKENEN_9;REKENEN;3000;0,079
